﻿S.No,NAME OF STUDENT,BRANCH,RECRUITERS,PACKAGE IN LAKH
1,AKANSHA KUMARI ,COMP.,JOSH SOFTWARE,7.5
2,ABHISHEK KHAIWALE,COMP.,ETERNUS SOLUTIONS,3.6
3,JAGATH SAI NARAYANA KAKARAPARTHY,COMP.,ETERNUS SOLUTIONS,3.6
4,TEJAS KHANDALE,COMP.,ZS ASSOCIATES PVT. LTD.,8.93
5,TUSHAR DESAI,COMP.,ZS ASSOCIATES PVT. LTD.,8.93
6,TRIPTI MEHTA,COMP.,ZS ASSOCIATES PVT. LTD.,8.93
7,HARSHAL BORHADE,COMP.,ZS ASSOCIATES PVT. LTD.,8.93
8,POOJA SAWANT,COMP.,ZS ASSOCIATES PVT. LTD.,8.93
9,TEJAS DHAKAD,COMP.,VERITAS TECHNOLOGIES,10.75
10,ATISH BARGAJE,COMP.,VERITAS TECHNOLOGIES,10.75
11,SHIVANGI PANDEY,COMP.,DELOITTE CONSULTING,7.6
12,RUSHABH SANAP,COMP.,DELOITTE CONSULTING,7.6
13,NIVEDITA MAGDUM,COMP.,DELOITTE CONSULTING,7.6
14,RITIK KUMAR,COMP.,EQ TECHNOLOGIC INDIA PVT. LTD.,8.5
15,RAWAL PANDEY,COMP.,159 SOLUTIONS TECHNOLOGY,7.17
16,SAKSHI A. BHONGADE,COMP.,MU SIGMA,7
17,JAYESH R. SHELAR,COMP.,MU SIGMA,7
18,RAKSHANDA S.MULAY,COMP.,MU SIGMA,7
19,UPASANA MEHTA,COMP.,MU SIGMA,7
20,AKANKSHA KOTHARI,COMP.,MU SIGMA,7
21,DIPTI P. SHINDEKAR,COMP.,MU SIGMA,7
22,OMKAR SHIVAJI MOTALE,COMP.,BARCLAYS,4.4
23,VAIBHAV VIJAY MOGRE,COMP.,BARCLAYS,4.4
24,PRANALI LAXMAN METKARI,COMP.,BARCLAYS,4.4
25,MONIKA SREEDHARAN,COMP.,HITACHI CONSULTING,6.5
26,VIKRAMSINGH KUSHWAHA,COMP.,INTERACTIVE BROKERS,8.18
27,APURVA AVINASH DHUNDUR,COMP.,COGNIZANT,4
28,ANUP VASANT KOLTE,COMP.,COGNIZANT,4
29,RUSHIKESH HARIDAS KADAM,COMP.,COGNIZANT,4
30,VISHAL,COMP.,COGNIZANT,4
31,HARSHITA JAIN,COMP.,COGNIZANT,4
32,TANISK ANNPURNA,COMP.,COGNIZANT,4
33,PRATIK DNYANESHWAR JARE,COMP.,COGNIZANT,4
34,NIKHIL TUKADUDAS CHACHARKAR,COMP.,COGNIZANT,4
35,SAHIL SANJAY TAH,COMP.,COGNIZANT,4
36,SNEHAL MARUTI GAWADE,COMP.,COGNIZANT,4
37,PRAJAKTA SUBHASH YADAV,COMP.,COGNIZANT,4
38,SNEHAL MAHASIDHA MHAMANE,COMP.,COGNIZANT,4
39,KIRTI PUNDLIK PHIRKE,COMP.,COGNIZANT,4
40,RUTUJA POPAT KUMBHAR,COMP.,INFOSYS,3.6
41,LUBHAVANI SINGH,COMP.,INFOSYS,3.6
42,POOJA SHARAD JAGTAP,COMP.,INFOSYS,3.6
43,NIKUNJ NARAYAN GHURKA,COMP.,INFOSYS,3.6
44,GRIMITA PURUSHARTHI,COMP.,HCL TECHNOLOGIES,4.75
45,VIKRAM LAXMAN KARE,COMP.,INFOGEN LABS,6
46,HARSHADA PATIL,COMP.,PROCTUR,5.06
47,DARSHAN VIJAY DHARMIK,COMP.,ACCENTURE,4.5
48,ARPIT KUMAR,COMP.,ACCENTURE,4.5
49,SRUSHTI GAJANAN YERAWAR,COMP.,ACCENTURE,4.5
50,MUSKAN LATIF ATTAR,COMP.,ACCENTURE,4.5
51,RUTUJA POPAT KUMBHAR,COMP.,ACCENTURE,4.5
52,SNEHAL MAHASIDHA MHAMANE,COMP.,ACCENTURE,4.5
53,SAHIL ARIF MULANI,COMP.,ACCENTURE,4.5
54,PRAJAKTA SURESH MATE,COMP.,ACCENTURE,4.5
55,PRAJAKTA SUBHASH YADAV,COMP.,ACCENTURE,4.5
56,ATUL TOPSINGH BHAIRAM,COMP.,ACCENTURE,4.5
57,PRANAY PATIL,COMP.,ACCENTURE,4.5
58,RISHAV MANI KUMAR,COMP.,PERSISTENT SYSTEMS,4.41
59,TANMAY MANE,COMP.,IBM INDIA,4.5
60,ASMEETA BALASAHEB KANICHE,COMP.,AMDOCS,5
61,SHRADDHA CHANDRAKANT JADHAV,COMP.,AMDOCS,5
62,SOURABH M ZAMBRE,COMP.,AMDOCS,5
63,VAIBHAVI MILIND SANGAWAR,COMP.,AMDOCS,5
64,MOHAMMED ABDUL MUJEEB,COMP.,AMDOCS,5
65,SUPRIT SUNIL GAIKWAD,COMP.,AMDOCS,5
66,PRAJWAL VIJAY CHIRDE,COMP.,AMDOCS,5
67,SAURABH SANTOSH DESHMUKH,COMP.,AMDOCS,5
68,DARSHAN VIJAY DHARMIK,COMP.,AMDOCS,5
69,ABHINAV KUMAR,COMP.,ABZOOBA INDIA INFOTECH,6
70,NILESH WANI,COMP.,ICERTIS,5
71,SURAJ THANNALI,COMP.,ICERTIS,5
72,GAURI BIDKAR,COMP.,VIGNET IT SERVICES,4.5
73, SAMRUDDHI SACHIN YADAV,COMP.,L&T INFOTECH LTD,5
74,PRANAV MORE,COMP.,ALTIMETRIK INDIA,4.25
75,PRADNYA VINOD NANAWARE,COMP.,VODAFONE,4.25
76,TRUPTI MAHENDRA LOKHANDE,COMP.,VODAFONE,4.25
77,SAHIL ARIF MULANI,COMP.,VODAFONE,4.25
78,PREETI KHUSHWAHA,COMP.,WISHTREE TECHNOLOGIES,3.6
79,OMKAR KOLATE,COMP.,MEDIA MAGIC TECHNOLOGIES,3.5
80,MEHAR MADNANI,COMP.,UDCHALO.COM,10.71
81,RAHUL AGRAWAL,COMP.,DATAFORTUNE SOFTWARE SOLUTIONS PVT.LTD,3.25
82,VAIBHAV KUMAR,COMP.,DATAFORTUNE SOFTWARE SOLUTIONS PVT.LTD,3.25
83,BHARGAV GUIRISH,COMP.,DATAFORTUNE SOFTWARE SOLUTIONS PVT.LTD,3.25
84,SHUBHAM TULSHIRAM SURYAWANSHI,COMP.,FEDERAL BANK,4.16
85,BHUSHAN P. DHANDE ,COMP.,INFRASOFT TECHNOLOGIES ,3.5
86,RAHUL AGRAWAL,COMP.,ATOS SYNTEL.,3.2
87,JITENDRA SANJIV PATIL,COMP.,ATOS SYNTEL.,3.2
88,SIDDHARTH KULKARNI,COMP.,LOGICMONITOR,7.16
89,VIKRAM LAXMAN KARE,COMP.,LOGICMONITOR,7.16
90,JITENDRA SANJIV PATIL,COMP.,CAPGEMINI,3.8
91,RAHUL AGRAWAL,COMP.,CAPGEMINI,3.8
92,SHWETA HIRALAL SADWANI,COMP.,CAPGEMINI,3.8
93,SUKURTA NIVRUTTI PATIL,COMP.,CAPGEMINI,3.8
94,PRATIBHA GIRIDHAR KHANDAGALE,COMP.,NEXSUS,1.8
95,PRIYANKA DILIP KSHIRSAGAR,COMP.,NEXSUS,1.8
96,RUSHIKESH BHADAGE,COMP.,AVIABIRD TECHNOLOGIES,2.5
97,AAKANSHA PATIL,COMP.,KANTAR,4
98,SHIVANGI PANDEY,COMP.,BAJUS,10
99,JAGATH SAI NARAYANA KAKARPARTHY,COMP.,TIBCO SOFTWARE.,5.6
100,JAGATH SAI NARAYANA KAKARPARTHY,COMP.,TATA CONSULTANCY SERVICES LIMITED (TCSL).,3.37
101,ROHIT KAILAS CHOBHE ,COMP.,BAJUS,10
102, SANKET R. ATHAWALE,COMP.,BAJUS,10
103,SWAPNIL SUBHASH PATHARE,COMP.,EATON TECHNOLOGIES,6.25
104,VAIBHAV NIKAM,COMP.,GLOBANT,4
105,PRANAY PATIL,COMP.,LOGICMONITOR,7.16
106,PRASHANT VIKAS WALUNJ,COMP.,CONNECTICUS TECHNOLOGIES PVT.LTD.,2.4
107,VISHAL PAWAR,COMP.,UNIKEN INDIA PVT. LTD,3.46
108,VIRAG SHENDE PADMAKAR,COMP.,AMDOCS,5
109,AKSHAY RAJENDRA UMALE,COMP.,TRIPSTACK,4
110,PRATIK SHAILESH MESHRAM,COMP.,TRIPSTACK,4
111,AMIT VIJAYRAO DESHMUKH,COMP.,RANDSTAD TECHNOLOGIES ,2.5
112,KHUSHABU GANESH GUJAR,COMP.,NEEYAMO,2.3
113,PRANAV KUMAR,COMP.,NEEYAMO,2.3
114,SANJEEVANI PRALHAD PAWAR,COMP.,NEEYAMO,2.3
115,NIKITA SANJAY BIRAJDAR,COMP.,NEEYAMO,2.3
116,SANKETKUMAR SUNIL SATHE,COMP.,GALAXE.SOLUTIONS INDIA PVT LTD,3.6
117,SHUBHAM JOSHI,IT,EQ TECHNOLOGIC INDIA PVT. LTD.,8.5
118,MITHIL JOBANPUTTRA,IT,159 SOLUTIONS TECHNOLOGY,7.17
119,RUSHIKESH S. VYAVAHARE,IT,MU SIGMA,7
120,SUBHASHREE S.,IT,MU SIGMA,7
121,VISHAL KUMAR TIWARI,IT,MU SIGMA,7
122,ADNAN MOHSIN ALI,IT,MU SIGMA,7
123,MAYUR SUDHAKAR SATAV,IT,COGNIZANT,4
124,RUSHIKESH HARIHAR KASTURE,IT,COGNIZANT,4
125,NIKHIL SARIYOT,IT,COGNIZANT,4
126,UMANG JOSHI,IT,COGNIZANT,4
127,SIDDHARTH SHANTAPPA MALANG,IT,COGNIZANT,4
128,ISHANT HIMMATRAO NAIK,IT,COGNIZANT,4
129,AJINKYA SUBODH REDE,IT,INFOSYS,3.6
130,PRATHAMESH VISHWAJIT WAGH,IT,INFOSYS,3.6
131,ARTI JAYDIPBHAI BHALODIA,IT,ACCENTURE,4.5
132,NIKHIL SARIYOT,IT,ACCENTURE,4.5
133,AMIT MUKATI,IT,PERSISTENT SYSTEMS,4.41
134,SHRINIVAS MAHAJAN,IT,PERSISTENT SYSTEMS,4.41
135,TUSHAR BANA,IT,XPANXION INTERNATIONAL PVT. LTD.,6
136,SUBHADHA DANGE,IT,IBM INDIA,4.5
137,CHIRAG C.SONKAMBLE,IT,AMDOCS,5
138,MAYUR MESRAM,IT,AMDOCS,5
139,TANMAY VARADE,IT,VIGNET IT SERVICES,4.5
140,GAURI SINGH,IT,VIGNET IT SERVICES,4.5
141,SHUBHAM RAJENDRA MORANKAR,IT,L&T INFOTECH LTD.,5
142,MAYUR SUDHAKAR SATAV,IT,L&T INFOTECH LTD.,5
143,UMANG JOSHI,IT,PEOPLEINTERACTIVE,10
144,CHANDAN JOSHI,IT,CROWD WORKS INC.,30
145,SHUBHAM ANAND,IT,FISERV INDIA,5.2
146,SALONI DAVE,IT,FISERV INDIA,5.2
147,NIVEDITA KUMARI,IT,HUNAR PRO SKILLING,2.4
148,HARSH S. AMIN,IT,VOLKSWAGEN,1.8
149,SHWETA SHASHANK MADGE,IT,EKEEDA PRIVATE LIMITED,8
150,AMOL GARJE,IT,AXIS TECHNICAL GROUP INDIA PVT. LTD,2.8
151,PRASHIK ATHAWALE,IT,LOGICMONITOR,7.16
152,ADITI BHASKAR KADHAO,IT,RANDSTAD TECHNOLOGIES,2.5
153,MAHAKUJI SAVADE,IT,FIS SOLUTIONS SOFTWARE (INDIA) PVT.LTD.,5.2278
154,PRITEE PRADEEP ARERAO,IT,NEEYAMO,2.3
155,SNEHA SANJAY JAGTAP,IT,NEEYAMO,2.3
156,POOJA DEEPAK POTDAR,IT,ACCENTURE,4.5
157,SUDHANSHU RANJAN,E&TC,DELOITTE CONSULTING,7.6
158,AKANKSHA KRISHNA SINGH,E&TC,KPIT TECHNOLOGIES LTD,3.25
159,YAMINI J. MEHATTAR,E&TC,KPIT TECHNOLOGIES LTD,3.25
160,OMKAR J. RANE,E&TC,KPIT TECHNOLOGIES LTD,3.25
161,NAMRATA S. KUMAR,E&TC,KPIT TECHNOLOGIES LTD,3.25
162,ANKIT M. RODEKAR,E&TC,KPIT TECHNOLOGIES LTD,3.25
163,ABHISHEK S. JAIN,E&TC,KPIT TECHNOLOGIES LTD,3.25
164,SRISHTI R. KAKADE,E&TC,KPIT TECHNOLOGIES LTD,3.25
165,PRACHI BARACHE,E&TC,PROCTUR,6.56
166,AMRITA JAWALEY,E&TC,PROCTUR,6.56
167,MAYURESH YASHWANT MOHITE,E&TC,TATA CONSULTANCY SERVICES LIMITED,7
168,KAUSTUBH ARUN WANKHADE,E&TC,TATA CONSULTANCY SERVICES LIMITED,4.93
169,MAYURESH YASHWANT MOHITE,E&TC,COGNIZANT,4
170,TOSHI ALOK TIWARI,E&TC,COGNIZANT,4
171,BHUSHAN BATULE,E&TC,COGNIZANT,4
172,AYUSH SUNIL JOSHI,E&TC,COGNIZANT,4
173,NITESH DEVNARAYAN MANDAL,E&TC,COGNIZANT,4
174,SAURABH KUMAR,E&TC,COGNIZANT,4
175,MONIKA TULSHIDAS DIMBLE,E&TC,COGNIZANT,4
176,SOPHIE MATHEWS,E&TC,COGNIZANT,4
177,PRATIKSHA ANKUSH BANDE,E&TC,COGNIZANT,4
178,AKSHAY SHIVSHANKAR. INGLE,E&TC,COGNIZANT,4
179,ASHUTOSH SURENDRA KUMAR,E&TC,COGNIZANT,4
180,NISHIGANDHA GIRISH PATIL,E&TC,COGNIZANT,4
181,MR. MAHFOOZ ALAM,E&TC,COGNIZANT,4
182,ASHISH KUMAR,E&TC,COGNIZANT,4
183,SRUSHTI HARISHCHANDRA BHATKAR,E&TC,COGNIZANT,4
184,RENIN RAVINDRAN,E&TC,INFOSYS,3.6
185,PRAGATI KUMAR BORATE,E&TC,INFOSYS,3.6
186,MAUSAMI,E&TC,INFOSYS,3.6
187,NIKHIL VASANT KHANDELWAL,E&TC,INFOSYS,3.6
188,SANDHYA DNYANESHWAR AWARI,E&TC,INFOSYS,3.6
189,VARAD CHANDRAKANT KHOT,E&TC,INFOSYS,3.6
190,OMKAR SHIVLING GURAV,E&TC,ACCENTURE,4.5
191,ASHUTOSH SURENDRA KUMAR,E&TC,ACCENTURE,4.5
192,PALLAVI RAMDAS DERKAR,E&TC,ACCENTURE,4.5
193,AKSHAY SHIVSHANKAR INGLE,E&TC,ACCENTURE,4.5
194,JITESH SAJEEVAN JHA,E&TC,ACCENTURE,4.5
195,MAHESH TATYASAHEB CHAVAN,E&TC,ACCENTURE,4.5
196,POOJA ARUN BIPTE,E&TC,ACCENTURE,4.5
197,PRAJAKTA TUKARAM PAWALE,E&TC,ACCENTURE,4.5
198,SEEMA MACHINDRA SONKAMBLE,E&TC,ACCENTURE,4.5
199,NAMRATA SUNIL KUMAR,E&TC,ACCENTURE,4.5
200,SACHIN HUKUMCHAND CHAVHAN,E&TC,ACCENTURE,4.5
201,NIKHIL VIDYADHR PATIL,E&TC,ACCENTURE,4.5
202,VARAD CHANDRAKANT KHOT,E&TC,ACCENTURE,6.5
203,SAKSHI MADAN,E&TC,ACCENTURE,4.5
204,NIKITA NANDKISHOR LOMTE,E&TC,ACCENTURE,4.5
205,ABHISHEK ARUN SAINKAR,E&TC,ACCENTURE,4.5
206,AKANKSHA KRISHNA SINGH,E&TC,ACCENTURE,4.5
207,NITESH DEVNARAYAN MANDAL,E&TC,ACCENTURE,4.5
208,SOFIYA YEDE,E&TC,ACCENTURE,4.5
209,AKASH SANAP,E&TC,AUTOMATIONEDGE TECHNOLOGIES,4.6
210,JAYESH KUMAR SURYAWANSHI,E&TC,ACCENTURE,4.5
211,NAMRATA SUNIL KUMAR,E&TC,L&T INFOTECH LTD,5
212,OJAL BHATNAGAR,E&TC,L&T INFOTECH LTD,5
213,TANBIR WARESI,E&TC,FISERV INDIA,5.2
214,YASH MANGLE,E&TC,FISERV INDIA,5.2
215,MANISH GAYKAR,E&TC,HUNAR PRO SKILLING,2.4
216,SANDHYA DNYANESHWAR AWARI,E&TC,VODAFONE,4.25
217,ROHIT LOWKUSH MANE,E&TC,VODAFONE,4.25
218,KESHAV KUNAL,E&TC,VODAFONE,4.25
219,SUMEDH KOCHE,E&TC,WISHTREE TECHNOLOGIS,3.6
220,MAYANK K. CHOURASIA ,E&TC,BIRDVISION CONSULTING PVT. LTD.,1.8
221,AMEY N. NERKAR,E&TC,BIRDVISION CONSULTING PVT. LTD.,1.8
222,SANKET RAJESH URANE,E&TC,INFOSYS,3
223,AMAN ADARSH,E&TC,CONCENTRIX,3.9
224,AKSHIT A. KUMAR,E&TC,BYJUS,10
225,ABHIJIT GANESHRAO MALTE,E&TC,BYJUS,10
226,SAURABH PANDEY,E&TC,PINCLICK,4.8
227,SHUBHAM SHANKAR PATIL,E&TC,CONNECTICUS TECHNOLOGIES PVT.LTD.,2.4
228,SHUBHAM B JUNGARE,E&TC,CONGREUX ASIA PACIFIC LLP,2.75
229,SHIVANI SUHAS GOSAVI,E&TC,MINDA CORPORATION LIMITED,3.25
230,APURVA AVINASH BORGHARE,E&TC,TCS,3.37
231,RAHUL PRAKASH MEDIDAR,E&TC,KYLAS,3.62
232,MANISH  KAILAS  GAYKAR,E&TC,SCIENTIFIC GAMES,6.15
233,SHRINIVAS SUBHASHRAO SHINDE,E&TC,STAR ENGINEERING,2.1
234,ANJALI BALAJI BORBOLE,E&TC,HCL TECHNOLOGIES,4.75
235,CHAUDHARI SNEHAL KISHOR,E&TC,TCS,3.37
236,RAJVARDHAN RISHI,E&TC,INDIGO AIRLINE / FTJS CONSULTANCY,5.13
237,MANDAGE ARJUN UMAKANT,E&TC,TATA CONSULTANCY SERVICES,3.37
238,PRINCE KUMAR,E&TC,BYJU'S,2
239,MANDPE POOJA RAMESH,E&TC,ALLSTATE SOLUTIONS PVT LTD,2.9
240,MUPPALANENI VAMSI KRISHNA,E&TC,LIBERTY ENGINEERING EQUIPMENTS (I) PVT LTD,3
241,BADAL KUMAR,E&TC,BYJU'S,10
242,DAHILE SAGAR JAGDISH,E&TC,ICICI BANK,3.38
243,NEHA KUMARI,E&TC,MOBICULE,1.82
244,GAWAI SHALOM DHANRAJ,E&TC,AMAZON DEVELOPMENT CENTRE INDIA PVT LTD,2.9
245,GORE SANKET MACHHINDRANATH,E&TC,PG ELECTROPLAST LTD,2.76
246,PRANAV VIKRAM,E&TC,INFOSYS LTD,3
247,MYAKAL ASHISH AMBADAS,E&TC,TATA CONSULTANCY SERVICES,3.37
248,RAPELLI NAVIN SIDRAM,E&TC,CAPGEMINI,3
249,RENUKA DILIP MODAK,E&TC,L&T TECHNOLOGIES SERVICES,1
250,SHUBHAM VIJAYKUMAR RANBHARE,E&TC,"AARNASYSTEMS PVT LTD,LYDNOW EDUTECH PVT LTD",1.5
251,KATKE AMRUTA RAMESH,E&TC,QUALITY AUSTRIA CENTRAL ASIA PVT LTD,1.68
252,VAIBHAV RAOSAHEB MHASKE,E&TC,PROMPT PERSONNEL PVT. LTD.,2.75
253,ATHARVA PRASHANT JOSHI,ETX,CAPGEMIMI,3.8
254,RAHUL RAJESH SINGH,ETX,COGNIZANT,4
255,JATIN SATISH MADAN,ETX,COGNIZANT,4
256,PRAJWAL SUNIL DURUGKAR,ETX,INFOSYS,3.6
257,SOUMYA MISHRA,ETX,INFOSYS,3.6
258,DIWYANI D. KAIKADE,ETX,ACCENTURE,4.5
259,ROSHANI ANIL NARKHEDE,ETX,ACCENTURE,4.5
260,RADHA SATISH BALKI,ETX,ACCENTURE,4.5
261,DULAR M. NIKODE,ETX,CUELOGIC,4
262,VIJAY J PATIL,ETX,S M AUTO ENGINEERING PVT.LTD.,2.64
263,ANKIT M. MESHRAM,ETX,UPGRAD,8
264,ANKIT M. MESHRAM,ETX,E ZEST,4
265,RAMESHWAR KORADE,ETX,BIRLA CENTURY,1.92
266,NIKHIL HARIBHAU CHOUDHAR,ETX,AMDOCS,5
267,CHAITANYA HANMANT GANGATIRKAR,ETX,CONGREUX ASIA PACIFIC LLP,2.75
268,MOHANA VASUDEORAO TAPRE,ETX,CONGREUX ASIA PACIFIC LLP,2.75
269,PRATIK SURYAKANT SALUNKHE ,ETX,S M AUTO ENGINEERING PVT. LTD.,2.64
270,SNEHA ARBOLE,CHEMICAL,ACCENTURE,4.5
271,APURVA SALUNKHE,CHEMICAL,ACCENTURE,4.5
272,ANCHAL BHARAT MAHURE,CHEMICAL,ACCENTURE,4.5
273,ANSHITA GAHLOT,CHEMICAL,ACCENTURE,4.5
274,NATASHA TURE,CHEMICAL,ACCENTURE,4.5
275,SAMEER PATIL,CHEMICAL,ACCENTURE,4.5
276,PRAVIN PARDESHI,CHEMICAL,ACCENTURE,4.5
277,TEJAS SUNIL SATPUTE,CHEMICAL,ACCENTURE,4.5
278,RUSHIKESH DHAMORIKAR,CHEMICAL,ACCENTURE,4.5
279,ADVAITI PRAMOD KOLHE,CHEMICAL,COGNIZANT,4
280,RAKESH PANDURANG SONTAKKE,CHEMICAL,COGNIZANT,4
281,SHWETA ARUN JOGI,CHEMICAL,COGNIZANT,4
282,PRATIK PRAKASH SHIGVAN,CHEMICAL,COGNIZANT,4
283,ANCHAL BHARAT MAHURE,CHEMICAL,INFOSYS,3.6
284,ASIF RAJURI,CHEMICAL,ENPRO INDUSTRIES PVT. LTD,4
285,VISHAL DILIP MAHANWAR,CHEMICAL,ACCENTURE,4.5
286,VED PRAKASH,CHEMICAL,ACCENTURE,4.5
287,SAURABH KARBHARI KOR,CHEMICAL,ACCENTURE,4.5
288,SAMEER PATIL,CHEMICAL,HIKAL LTD.,4
289,PRADIP WAGHMARE,CHEMICAL,HIKAL LTD.,4
290,SUKALP LAMTURE,CHEMICAL,HIKAL LTD.,4
291,SWARUP PATIL,CHEMICAL,HIKAL LTD.,4
292,AMEY SHENDE,CHEMICAL,ECOLAB,3.5
293,APURVA SALUNKHE,CHEMICAL,WORLY PARSON,4
294,RONAK YOGESH MISTRY,CHEMICAL,LIDO LEARNING,5.6
295,VISHAL VIJAY SHEWALE,CHEMICAL,SAI LIFE SCIENCES PVT.LTD.,3
296,SHUBHAM JALINDAR KALE,CHEMICAL,SAI LIFE SCIENCES PVT.LTD.,3
297,TEJAS PANDITRAO BHADANE,CHEMICAL,SAI LIFE SCIENCES PVT.LTD.,3
298,RAKESH PANDURANG SONTAKKE,CHEMICAL,SAI LIFE SCIENCES PVT.LTD.,3
299,AKASH JIJABHAU GAYKAR,CHEMICAL,SAI LIFE SCIENCES PVT.LTD.,3
300,PRAJOT CHANDRAGUPTA NAKHALE,CHEMICAL,SAI LIFE SCIENCES PVT.LTD.,3
301,BHUSHAN S. LAKHOTIYA,CHEMICAL,S M AUTO ENGINEERING PVT.LTD.,2.64
302,SURAJ S. GAIKWAD,CHEMICAL,S M AUTO ENGINEERING PVT.LTD.,2.64
303,ANCHAL BHARAT MAHURE,CHEMICAL,PRODAIR AIR PRODUCTS INDIA PVT. LTD,5
304,PRATIK VIJAY BADKAS,CHEMICAL,JSW STEEL,6
305,MD SAAJID ALI,CHEMICAL,JSW STEEL,6
306,SHRIYA ARUN VAIDYA,CHEMICAL,JSW STEEL,6
307,TEJAS SUNIL SATPUTE,CHEMICAL,JSW STEEL,6
308,VISHAL DILIP MAHANWAR,CHEMICAL,JSW STEEL,6
309,KASHMIRA ANIL JADHAV,CHEMICAL,JSW STEEL,6
310,SNEHA ARBOLE,CHEMICAL,BYJUS,10
311,SHRAVANI DESHPANDE,CHEMICAL,BYJUS,10
312,RONAK YOGESH MISTRY,CHEMICAL,BYJUS,10
313,KAJOL M.NAGARGOJE,CHEMICAL,BYJUS,10
314,SAYALI PATIL,CHEMICAL,BU BHANDARI AUTO PVT. LTD.,1.27
315,GANESH GAJARE,CHEMICAL,CLASSIC INDUSTRIES & EXPORTS,2.4
316,CHETANA SUBHASH TURARE,CHEMICAL,INITIATIVE WATER,2
317,GEETA UDDHAV KALE,CHEMICAL,INITIATIVE WATER,2
318,SHUBHAM SANJAY PAWAR,CHEMICAL,INITIATIVE WATER,2
319,SWAPNIL KIRAN PARATE,CIVIL,COGNIZANT,4
320,PRASHANT B. KHEDKAR,CIVIL,ACCENTURE,4.5
321,SHRADDHA V. SHINDE,CIVIL,ACCENTURE,4.5
322,PRADNYA SONAWANE,CIVIL,TEKNOVANCE,3
323,SUMEDH SHINDE,CIVIL,ACCENTURE,4.5
324,PRASHANT KOKATE,CIVIL,ACCENTURE,4.5
325,SHRADDHA V. SHINDE,CIVIL,UPGRAD,8
326,SIDHANT PATIL ,CIVIL,JCB,2.64
327,SURAJ ANIL KHARE,CIVIL,S M AUTO ENGINEERING PVT.LTD.,2.64
328,GAYATRI RAOSAHEB JAGADALE,CIVIL,CONGREUX ASIA PACIFIC LLP,2.75
329,ASHVINI PATIL,CIVIL,URBANROOF PVT. LTD,2.5
330,ADITYA SUNIL DUBEWAR,CIVIL,KASHEC ENGINEERS PVT. LTD,2.52
331,RUPESH NAGO MANORE ,CIVIL,KASHEC ENGINEERS PVT. LTD,2.52
332,OMKAR YAMGAR,CIVIL,AIMIL LTD.,1.44
333,NIKHIL CHATAP,MECH,EATON TECHNOLOGIES,6.25
334,SAIDEEP VAKTE,MECH,EATON TECHNOLOGIES,6.25
335,VAIBHAV GAJANAN KALE,MECH,COGNIZANT,4
336,JAMIR TOLASHA SHAIKH,MECH,COGNIZANT,4
337,KUMAR AMAN,MECH,COGNIZANT,4
338,ROSHANKUMAR SURYAKANT PATIL,MECH,COGNIZANT,4
339,AVADHUT UTTAM BHISE,MECH,COGNIZANT,4
340,KSHITIJA SANJAY BAVAKAR,MECH,COGNIZANT,4
341,KUNAL SAMADHAN GHATALE,MECH,COGNIZANT,4
342,SANKALP DNYANDEV VETURLEKAR,MECH,COGNIZANT,4
343,MRUNAL SURYAKANT CHIKALANDE,MECH,COGNIZANT,4
344,SUMIT VASANTRAO PARKOR,MECH,COGNIZANT,4
345,AVINASH BALU PALVE,MECH,COGNIZANT,4
346,SUMIT SANTOSH KHOMANE,MECH,COGNIZANT,4
347,HARSHAL BHASKAR PHALAK,MECH,COGNIZANT,4
348,NILKANTH VILAS JEJURKAR,MECH,COGNIZANT,4
349,SHUBHAM DEELIP LAMBOLE,MECH,COGNIZANT,4
350,ANUP TUKARAM PENDOR,MECH,COGNIZANT,4
351,TEJASHREE ARUN KADUS,MECH,COGNIZANT,4
352,RUSHIKESH PRAMOD CHAUDHARI,MECH,COGNIZANT,4
353,ABHIJIT VIJAY PATIL,MECH,COGNIZANT,4
354,TUSHAR PRADEEP JADHAV,MECH,COGNIZANT,4
355,RAVINA ROHIDAS BHUJBAL,MECH,COGNIZANT,4
356,PIYUSH SANJAY TUSE,MECH,COGNIZANT,4
357,SHREYAS SANJEEV DESAI,MECH,COGNIZANT,4
358,NILESH BABAN CHAVAN,MECH,COGNIZANT,4
359,NEHA SHAILESH SHAH,MECH,COGNIZANT,4
360,SNEHA RAMAKRISHNAN,MECH,COGNIZANT,4
361,PRANAV PRAKASH KARANDE,MECH,COGNIZANT,4
362,DHANRAJ SHRINIWAS KODAM,MECH,COGNIZANT,4
363,SHIVATEJA BURRALA,MECH,COGNIZANT,4
364,JAYESH ARVIND GUPTA,MECH,COGNIZANT,4
365,NIHAR RANJAN DAS,MECH,COGNIZANT,4
366,SANSKAR JOSHI,MECH,INFOSYS,3.6
367,NEHA KISHOR BARHATE,MECH,INFOSYS,3.6
368,AKASH RAJKUMAR PRASAD,MECH,INFOSYS,3.6
369,PRASANNAMURTHY MADHAV PAI,MECH,INFOSYS,3.6
370,AENTRIKSH SANJAY KHANZODE,MECH,INFOSYS,3.6
371,AKASH RAJENDRA JAGTAP,MECH,INFOSYS,3.6
372,AJINKYA MUKUND PANNASE,MECH,INFOSYS,3.6
373,AJAY CHANDRAKISHOR PANDE,MECH,INFOSYS,3.6
374,ABHIJIT VIJAY PATIL,MECH,INFOSYS,3.6
375,PRATIK VILAS BHURBHURE,MECH,INFOSYS,3.6
376,RUTVIJ ASHOK WAKALKAR,MECH,INFOSYS,3.6
377,MADHUSUDAN SHASHIKANT PATIL,MECH,INFOSYS,3.6
378,MANASI AVINASH LOKURKAR,MECH,INFOSYS,3.6
379,ADESH JAGDALE,MECH,HCL TECHNOLOGIES,4.75
380,AKSHAY NIMBOKAR,MECH,HCL TECHNOLOGIES,4.75
381,SHREENATH POWER,MECH,HCL TECHNOLOGIES,4.75
382,PURUSHOTTAM SHIVAJI NIRGUDE,MECH,ENPRO INDUSTRIES PVT. LTD,4
383,NIHAR RANJAN DAS,MECH,ENPRO INDUSTRIES PVT. LTD,4
384,PIYUSH SANJAY TUSE,MECH,ACCENTURE,4.5
385,KUNAL PRASHANT DESHMUKH,MECH,ACCENTURE,4.5
386,RUPESH NANDU WAJE,MECH,ACCENTURE,4.5
387,ANKITA RAMESH DIXIT,MECH,ACCENTURE,4.5
388,PURUSHOTTAM SHIVAJI NIRGUDE,MECH,ACCENTURE,4.5
389,MANASI AVINASH LOKURKAR,MECH,ACCENTURE,4.5
390,PANKAJ AVINASH JAGDALE,MECH,ACCENTURE,4.5
391,RAHUL BHARAT KAMBLE,MECH,ACCENTURE,4.5
392,MANJIRI AMBARSING MAGAR,MECH,ACCENTURE,4.5
393,ADESH MAHESH JADHAV,MECH,ACCENTURE,4.5
394,ASHISH ANIL SAKORE,MECH,ACCENTURE,4.5
395,KAMALESH HINDURAO CHAVAN,MECH,ACCENTURE,4.5
396,ASHISH MAHAVAIR DHONGDE,MECH,ACCENTURE,4.5
397,SHUBHAM SANJAY PATURKAR,MECH,ACCENTURE,4.5
398,SHARWARI SANDEEP NALAWADE,MECH,ACCENTURE,4.5
399,OMKAR SUDAMRAO PHAND,MECH,ACCENTURE,4.5
400,SHANTANU VAIJNATH SHELKE,MECH,ACCENTURE,4.5
401,AENTRIKSH SANJAY KHANZODE,MECH,ACCENTURE,4.5
402,TEJASHREE ARUN KADUS,MECH,ACCENTURE,4.5
403,NEHA SHAILESH SHAH,MECH,CEAT TYRES,4.5
404,NAMRATA C. MORE,MECH,BIRDVISION CONSULTING PVT. LTD.,1.8
405,ANURAG SANJAY KANDKE,MECH,FAURECIA,3.5
406,HARSHAL GOKUL DHAMNE,MECH,FAURECIA,3.5
407,SAGAR SUKHDEV KOLEKAR,MECH,FAURECIA,3.5
408,PRAJWAL D. BADWAIK,MECH,JOHNSON CONTROLS INDIA LTD,4
409,OMKAR P. YANDE,MECH,JOHNSON CONTROLS INDIA LTD,4
410,PRASHANT GOVIND MUNGASE,MECH,INFOSYS,3
411,PRATIK RAMESH GAIKWAD,MECH,INFOSYS,3
412,OMKAR G. TAMBE,MECH,S M AUTO ENGINEERING PVT.LTD.,2.64
413,UMESH A SHATTER,MECH,S M AUTO ENGINEERING PVT.LTD.,2.64
414,LOKNATH S. YADAV,MECH,S M AUTO ENGINEERING PVT.LTD.,2.64
415,KARTIKEE D.KULKARNI,MECH,COSMO FILMS LTD,2.4
416,GAURI K. HARALE,MECH,COSMO FILMS LTD,2.4
417,SANKET SHAHAJI REPALE,MECH,FEDERAL BANK,4.16
418,ABHAY NIRESH GUND,MECH,FEDERAL BANK,4.16
419,SHAILESH DATTATRAY GOLE,MECH,FEDERAL BANK,4.16
420,SAMIKSHA ANANDRAO DHAKATE,MECH,FEDERAL BANK,4.16
421,SANKET RAJENDRA KALE,MECH,FEDERAL BANK,4.16
422,AKASH SHAMRAO TAPKIR,MECH,FEDERAL BANK,4.16
423,ROHIT GANESHKUMAR KAPGATE,MECH,FEDERAL BANK,4.16
424,NEHA KISHOR BARHATE,MECH,PRODAIR AIR PRODUCTS INDIA PVT. LTD,5
425,SHARWARI SANDEEP NALAWADE,MECH,PRODAIR AIR PRODUCTS INDIA PVT. LTD,5
426,KUNAL SAMADHAN GHATALE,MECH,JSW STEEL,6
427,RUTVIJ ASHOK WAKALKAR,MECH,JSW STEEL,6
428,AKASH RAJKUMAR PRASAD,MECH,JSW STEEL,6
429,SHIVSHANKAR RUDRAPPA ANGADI,MECH,PROCHEM,2.5
430,ATUL RAMDAS GHAYAL,MECH,BYJUS,10
431,YASH S. ARAWAL,MECH,BYJUS,10
432,RENUKA KRISHNA GAIKWAD,MECH,BU BHANDARI AUTO PVT. LTD,1.27
433,SANKET MAHADEV SAPKAL ,MECH,BU BHANDARI AUTO PVT. LTD,1.27
434,ASHISH MAHABIR DHONGDE,MECH,BYJUS,10
435,SHILPA SAHEBRAV BUGE,MECH,JCB,2.64
436,RENUKA KRISHNA GAIKWAD,MECH,JCB,2.64
437,CHETAN BHAGWAT BONDE,MECH,JCB,2.64
438,DEEPAK VASANT HASABE,MECH,JCB,2.64
439,GANESH KRISHNAT SAKHALKAR,MECH,JCB,2.64
440,AJINKYA NEWALE,MECH,JCB,2.64
441,ROHIT  MADHUSOOTHANAN PODUWAL,MECH,S M AUTO ENGINEERING PVT.LTD.,2.64
442,PANDURANG TAKMOGE ,MECH,VEM TOOLING,1.8
443,KHUSHAL GAJANAN NANDE ,MECH,ECLERX,2.4
444,SWAPNIL ALTE,MECH,ECLERX,2.4
445,PRATHAM DINESH RAI,MECH,BYJUS,10
446,MOHAMMAD ZIYA SHAIKH,MECH,GNS ENGINEERING INDIA PVT. LTD,2.2
447,AJAY DUBE,MECH,PINCLICK,4.8
448,MAHADEV SHIVAJI,MECH,PINCLICK,4.8
449,VISHAL PARTHASARATHI,MECH,PINCLICK,4.8
450,ASHISH ANIL SAKORE,MECH,RIECO INDUSTRIES LTD.,3
451,LAVISHA LOBO,MECH,RIECO INDUSTRIES LTD.,3
452,NAVIN PRADIP VEER,MECH,CONGREUX ASIA PACIFIC LLP,2.75
453,NIMISH NILESH JOSHI,MECH,CONGREUX ASIA PACIFIC LLP,2.75
454,SAMADHAN PARMESHWAR RAJGIRE,MECH,CONGREUX ASIA PACIFIC LLP,2.75
455,SATYAM YOGENDRA TRIPATHI,MECH,CONGREUX ASIA PACIFIC LLP,2.75
456,MATTE SHITAL PRAKASH,MECH,B U BHANDARI AUTO PVT. LTD,1.27
457,TAHIR ALI,MECH,ASSA ABLOY ,3.5
458,MAYURI SIDRAMAPPA KATARE,MECH,KYLAS,3.60731
459,DHANRAJ SHRINIWAS KODAM,MECH,RUCHA YANTRA LLP,1.8
460,PRIYANKA DAYANAND SURYAVANSHI,MECH,RANDSTAD TECHNOLOGIES,2.5
461,ZAID ASIF SHAIKH,MECH,RANDSTAD TECHNOLOGIES,2.5
462,PAWANKUMAR LAXMAN YADAV,M.TECH-MECH.,WIKA INSTRUMENTS,2.5
463,ANKITA RAMESH DIXIT,MECH,EATON TECHNOLOGIES,6.25
464,ATHARVA ATUL DHOKTE,MECH,EATON TECHNOLOGIES,6.25
465,ROHIT  MADHUSOOTHANAN PODUWAL,MECH,EATON TECHNOLOGIES,6.25
466,ANIL VASANT BAGUL,MECH,BYJU'S,10
467,KUNAL SUDHAKAR PATIL,MECH.,BOSCH LTD,2.64
468,PRITAM EKANTH AKANGIRE,MECH.,BYJU'S,10
469,JAYPRAKASH DATTATRAY UNAP,MECH.,BYJU'S,10
470,PRACHI KASHYAP,MECH.,JCB INDIA,2.64
471,PRIYANKA DAYANAND SURYAVANSHI,MECH.,SACHA ENGINEERING,3.25
472,MAYURI SIDRAMAPPA KATARE,MECH.,SELL.DO,3.96
473,NAMRATA CHANDRAKANT MOR,MECH.,"EXALTARE TECHNOLOGIES PRIVATE LIMITED,",4.236
474,SHRINIVAS BALASAHEB KADAM,MECH.,BYJUS,10
475,SWARAJ SHEKHAR GURAV,MECH.,IMPACTS INNOVATIONS PVT LTD,1.2
476,TUSHAR AMALE NARENDRA,MECH.,YASHASWI,1.8
477,MOHAMMAD HANIF SHAIKH,MECH.,GNS ENGINEERING INDIA PRIVATE LIMITED,2.2
478,NAGESH MARUTI GARJE ,MECH., ULTRA ENGINEER,2
479,YURAJ AHIRE,MECH,TCS,5
480,SUMIT MATE,MECH,COGNIZANT,4
481,BODKE SHRADDHA SATISH,E&TC,ATOS,3.1
482,SADASHIV GURUNATH VAIDYA,MECH.,SKYFI LABS,2.1
